artist,track,position,date
Drake,Hotline Bling,1,2016-01-02
Fetty Wap Featuring Remy Boyz,679,2,2016-01-02
Drake & Future,Jumpman,3,2016-01-02
Travi$ Scott,Antidote,4,2016-01-02
Post Malone,White Iverson,5,2016-01-02
Future Featuring Drake,Where Ya At,6,2016-01-02
G-Eazy x Bebe Rexha,"Me, Myself & I",7,2016-01-02
Fetty Wap,Again,8,2016-01-02
iLoveMemphis,Hit The Quan,9,2016-01-02
DeJ Loaf Featuring Big Sean,Back Up,10,2016-01-02
Fetty Wap Featuring Monty,My Way,11,2016-01-02
Missy Elliott Featuring Pharrell Williams,WTF (Where They From),12,2016-01-02
Yo Gotti,Down In The DM,13,2016-01-02
DLOW,Bet You Can't Do It Like Me,14,2016-01-02
Drake & Future,Big Rings,15,2016-01-02
Drake,Back To Back,16,2016-01-02
Young Thug,Best Friend,17,2016-01-02
Lil Dicky Featuring Fetty Wap & Rich Homie Quan,$ave Dat Money,18,2016-01-02
Ty Dolla $ign Featuring Future & Rae Sremmurd,Blase,19,2016-01-02
"Macklemore & Ryan Lewis Featuring Eric Nally, Melle Mel, Kool Moe Dee & Grandmaster Caz",Downtown,20,2016-01-02
Big Sean Featuring Chris Brown & Ty Dolla $ign,Play No Games,21,2016-01-02
Drake,Right Hand,22,2016-01-02
Future,Stick Talk,23,2016-01-02
Kevin Gates,Really Really,24,2016-01-02
Fetty Wap,RGF Island,25,2016-01-02
Drake,Hotline Bling,1,2016-01-09
Drake & Future,Jumpman,2,2016-01-09
Fetty Wap Featuring Remy Boyz,679,3,2016-01-09
Travi$ Scott,Antidote,4,2016-01-09
Post Malone,White Iverson,5,2016-01-09
iLoveMemphis,Hit The Quan,6,2016-01-09
G-Eazy x Bebe Rexha,"Me, Myself & I",7,2016-01-09
Fetty Wap,Again,8,2016-01-09
Future Featuring Drake,Where Ya At,9,2016-01-09
DLOW,Bet You Can't Do It Like Me,10,2016-01-09
Yo Gotti,Down In The DM,11,2016-01-09
DeJ Loaf Featuring Big Sean,Back Up,12,2016-01-09
Missy Elliott Featuring Pharrell Williams,WTF (Where They From),13,2016-01-09
Drake & Future,Big Rings,14,2016-01-09
Young Thug,Best Friend,15,2016-01-09
Drake,Back To Back,16,2016-01-09
Lil Dicky Featuring Fetty Wap & Rich Homie Quan,$ave Dat Money,17,2016-01-09
Drake,Right Hand,18,2016-01-09
"Macklemore & Ryan Lewis Featuring Eric Nally, Melle Mel, Kool Moe Dee & Grandmaster Caz",Downtown,19,2016-01-09
Fetty Wap,RGF Island,20,2016-01-09
Ty Dolla $ign Featuring Future & Rae Sremmurd,Blase,21,2016-01-09
Big Sean Featuring Chris Brown & Ty Dolla $ign,Play No Games,22,2016-01-09
Kevin Gates,Really Really,23,2016-01-09
Future,Stick Talk,24,2016-01-09
2 Chainz,Watch Out,25,2016-01-09
Drake,Hotline Bling,1,2016-01-16
Fetty Wap Featuring Remy Boyz,679,2,2016-01-16
Drake & Future,Jumpman,3,2016-01-16
Post Malone,White Iverson,4,2016-01-16
Travi$ Scott,Antidote,5,2016-01-16
G-Eazy x Bebe Rexha,"Me, Myself & I",6,2016-01-16
iLoveMemphis,Hit The Quan,7,2016-01-16
Fetty Wap,Again,8,2016-01-16
Future Featuring Drake,Where Ya At,9,2016-01-16
Yo Gotti,Down In The DM,10,2016-01-16
DLOW,Bet You Can't Do It Like Me,11,2016-01-16
DeJ Loaf Featuring Big Sean,Back Up,12,2016-01-16
Drake & Future,Big Rings,13,2016-01-16
Missy Elliott Featuring Pharrell Williams,WTF (Where They From),14,2016-01-16
Drake,Right Hand,15,2016-01-16
Young Thug,Best Friend,16,2016-01-16
"Macklemore & Ryan Lewis Featuring Eric Nally, Melle Mel, Kool Moe Dee & Grandmaster Caz",Downtown,17,2016-01-16
Fetty Wap,RGF Island,18,2016-01-16
Lil Dicky Featuring Fetty Wap & Rich Homie Quan,$ave Dat Money,19,2016-01-16
Kevin Gates,Really Really,20,2016-01-16
Ty Dolla $ign Featuring Future & Rae Sremmurd,Blase,21,2016-01-16
2 Chainz,Watch Out,22,2016-01-16
Future,Stick Talk,23,2016-01-16
Fetty Wap Featuring Monty,Jugg,24,2016-01-16
Big Sean Featuring Chris Brown & Ty Dolla $ign,Play No Games,25,2016-01-16
Drake,Hotline Bling,1,2016-01-23
Drake & Future,Jumpman,2,2016-01-23
Post Malone,White Iverson,3,2016-01-23
Fetty Wap Featuring Remy Boyz,679,4,2016-01-23
Travi$ Scott,Antidote,5,2016-01-23
G-Eazy x Bebe Rexha,"Me, Myself & I",6,2016-01-23
Yo Gotti,Down In The DM,7,2016-01-23
Fetty Wap,Again,8,2016-01-23
Future Featuring Drake,Where Ya At,9,2016-01-23
iLoveMemphis,Hit The Quan,10,2016-01-23
DeJ Loaf Featuring Big Sean,Back Up,11,2016-01-23
DLOW,Bet You Can't Do It Like Me,12,2016-01-23
Young Thug,Best Friend,13,2016-01-23
Drake & Future,Big Rings,14,2016-01-23
Missy Elliott Featuring Pharrell Williams,WTF (Where They From),15,2016-01-23
"Macklemore & Ryan Lewis Featuring Eric Nally, Melle Mel, Kool Moe Dee & Grandmaster Caz",Downtown,16,2016-01-23
Lil Dicky Featuring Fetty Wap & Rich Homie Quan,$ave Dat Money,17,2016-01-23
Kevin Gates,Really Really,18,2016-01-23
2 Chainz,Watch Out,19,2016-01-23
Big Sean Featuring Chris Brown & Ty Dolla $ign,Play No Games,20,2016-01-23
Kevin Gates,2 Phones,21,2016-01-23
Fetty Wap,RGF Island,22,2016-01-23
Ty Dolla $ign Featuring Future & Rae Sremmurd,Blase,23,2016-01-23
"Colonel Loud Featuring T.I., Young Dolph & Ricco Barrino",California,24,2016-01-23
Future,Stick Talk,25,2016-01-23
Drake,Hotline Bling,1,2016-01-30
Drake & Future,Jumpman,2,2016-01-30
Post Malone,White Iverson,3,2016-01-30
Travi$ Scott,Antidote,4,2016-01-30
Fetty Wap Featuring Remy Boyz,679,5,2016-01-30
G-Eazy x Bebe Rexha,"Me, Myself & I",6,2016-01-30
Yo Gotti,Down In The DM,7,2016-01-30
Fetty Wap,Again,8,2016-01-30
Future Featuring Drake,Where Ya At,9,2016-01-30
Young Thug,Best Friend,10,2016-01-30
DLOW,Bet You Can't Do It Like Me,11,2016-01-30
DeJ Loaf Featuring Big Sean,Back Up,12,2016-01-30
iLoveMemphis,Hit The Quan,13,2016-01-30
Drake & Future,Big Rings,14,2016-01-30
Kevin Gates,2 Phones,15,2016-01-30
Missy Elliott Featuring Pharrell Williams,WTF (Where They From),16,2016-01-30
Lil Dicky Featuring Fetty Wap & Rich Homie Quan,$ave Dat Money,17,2016-01-30
Kevin Gates,Really Really,18,2016-01-30
2 Chainz,Watch Out,19,2016-01-30
Fetty Wap,RGF Island,20,2016-01-30
Lil Durk & DeJ Loaf,My Beyonce,21,2016-01-30
"Colonel Loud Featuring T.I., Young Dolph & Ricco Barrino",California,22,2016-01-30
iLoveMemphis,Lean & Dabb,23,2016-01-30
J. Cole,A Tale Of 2 Citiez,24,2016-01-30
Future,Stick Talk,25,2016-01-30
Drake,Hotline Bling,1,2016-02-06
Drake & Future,Jumpman,2,2016-02-06
G-Eazy x Bebe Rexha,"Me, Myself & I",3,2016-02-06
Post Malone,White Iverson,4,2016-02-06
Travi$ Scott,Antidote,5,2016-02-06
Fetty Wap Featuring Remy Boyz,679,6,2016-02-06
Yo Gotti,Down In The DM,7,2016-02-06
Fetty Wap,Again,8,2016-02-06
Young Thug,Best Friend,9,2016-02-06
DLOW,Bet You Can't Do It Like Me,10,2016-02-06
iLoveMemphis,Hit The Quan,11,2016-02-06
DeJ Loaf Featuring Big Sean,Back Up,12,2016-02-06
Kevin Gates,2 Phones,13,2016-02-06
Drake & Future,Big Rings,14,2016-02-06
Lil Dicky Featuring Fetty Wap & Rich Homie Quan,$ave Dat Money,15,2016-02-06
Kevin Gates,Really Really,16,2016-02-06
Missy Elliott Featuring Pharrell Williams,WTF (Where They From),17,2016-02-06
2 Chainz,Watch Out,18,2016-02-06
iLoveMemphis,Lean & Dabb,19,2016-02-06
Fetty Wap,RGF Island,20,2016-02-06
"Colonel Loud Featuring T.I., Young Dolph & Ricco Barrino",California,21,2016-02-06
Curren$Y Featuring August Alsina & Lil Wayne,Bottom Of The Bottle,22,2016-02-06
Future,Stick Talk,23,2016-02-06
Lil Durk & DeJ Loaf,My Beyonce,24,2016-02-06
Kid Ink Featuring Fetty Wap,Promise,25,2016-02-06
G-Eazy x Bebe Rexha,"Me, Myself & I",1,2016-02-13
Drake,Hotline Bling,2,2016-02-13
Post Malone,White Iverson,3,2016-02-13
Drake & Future,Jumpman,4,2016-02-13
Travi$ Scott,Antidote,5,2016-02-13
Yo Gotti,Down In The DM,6,2016-02-13
Fetty Wap,Again,7,2016-02-13
Young Thug,Best Friend,8,2016-02-13
Wiz Khalifa Featuring Travi$ Scott,Bake Sale,9,2016-02-13
2 Chainz,Watch Out,10,2016-02-13
Kevin Gates,2 Phones,11,2016-02-13
iLoveMemphis,Hit The Quan,12,2016-02-13
Drake & Future,Big Rings,13,2016-02-13
DLOW,Bet You Can't Do It Like Me,14,2016-02-13
Lil Dicky Featuring Fetty Wap & Rich Homie Quan,$ave Dat Money,15,2016-02-13
Kevin Gates,Really Really,16,2016-02-13
Missy Elliott Featuring Pharrell Williams,WTF (Where They From),17,2016-02-13
Curren$Y Featuring August Alsina & Lil Wayne,Bottom Of The Bottle,18,2016-02-13
iLoveMemphis,Lean & Dabb,19,2016-02-13
Future,Stick Talk,20,2016-02-13
Kid Ink Featuring Fetty Wap,Promise,21,2016-02-13
Fetty Wap,RGF Island,22,2016-02-13
"Colonel Loud Featuring T.I., Young Dolph & Ricco Barrino",California,23,2016-02-13
K Camp Featuring Fetty Wap,1Hunnid,24,2016-02-13
Lil Durk & DeJ Loaf,My Beyonce,25,2016-02-13
Drake,Summer Sixteen,1,2016-02-20
G-Eazy x Bebe Rexha,"Me, Myself & I",2,2016-02-20
Drake,Hotline Bling,3,2016-02-20
Drake & Future,Jumpman,4,2016-02-20
Post Malone,White Iverson,5,2016-02-20
Travi$ Scott,Antidote,6,2016-02-20
Yo Gotti,Down In The DM,7,2016-02-20
Kevin Gates,2 Phones,8,2016-02-20
Fetty Wap,Again,9,2016-02-20
Young Thug,Best Friend,10,2016-02-20
Kevin Gates,Really Really,11,2016-02-20
Drake & Future,Big Rings,12,2016-02-20
2 Chainz,Watch Out,13,2016-02-20
Lil Dicky Featuring Fetty Wap & Rich Homie Quan,$ave Dat Money,14,2016-02-20
DLOW,Bet You Can't Do It Like Me,15,2016-02-20
Missy Elliott Featuring Pharrell Williams,WTF (Where They From),16,2016-02-20
"Kevin Gates Featuring Trey Songz, Ty Dolla $ign &  Jamie Foxx",Jam,17,2016-02-20
Wiz Khalifa Featuring Travi$ Scott,Bake Sale,18,2016-02-20
Curren$Y Featuring August Alsina & Lil Wayne,Bottom Of The Bottle,19,2016-02-20
Kid Ink Featuring Fetty Wap,Promise,20,2016-02-20
Future,Stick Talk,21,2016-02-20
iLoveMemphis,Lean & Dabb,22,2016-02-20
Fetty Wap,RGF Island,23,2016-02-20
Luke Nasty,Might Be,24,2016-02-20
K Camp Featuring Fetty Wap,1Hunnid,25,2016-02-20
G-Eazy x Bebe Rexha,"Me, Myself & I",1,2016-02-27
Drake,Hotline Bling,2,2016-02-27
Yo Gotti Featuring Nicki Minaj,Down In The DM,3,2016-02-27
Drake & Future,Jumpman,4,2016-02-27
Drake,Summer Sixteen,5,2016-02-27
Travi$ Scott,Antidote,6,2016-02-27
Post Malone,White Iverson,7,2016-02-27
Kevin Gates,2 Phones,8,2016-02-27
Future Featuring The Weeknd,Low Life,9,2016-02-27
Young Thug,Best Friend,10,2016-02-27
Kevin Gates,Really Really,11,2016-02-27
Drake & Future,Big Rings,12,2016-02-27
Future,Fly S**t Only,13,2016-02-27
Fetty Wap,Jimmy Choo,14,2016-02-27
Wiz Khalifa Featuring Travi$ Scott,Bake Sale,15,2016-02-27
2 Chainz,Watch Out,16,2016-02-27
DLOW,Bet You Can't Do It Like Me,17,2016-02-27
Missy Elliott Featuring Pharrell Williams,WTF (Where They From),18,2016-02-27
Luke Nasty,Might Be,19,2016-02-27
Kid Ink Featuring Fetty Wap,Promise,20,2016-02-27
iLoveMemphis,Lean & Dabb,21,2016-02-27
Future,Stick Talk,22,2016-02-27
O.T. Genasis Featuring Young Dolph,Cut It,23,2016-02-27
Curren$Y Featuring August Alsina & Lil Wayne,Bottom Of The Bottle,24,2016-02-27
Future,Xanny Family,25,2016-02-27
G-Eazy x Bebe Rexha,"Me, Myself & I",1,2016-03-05
Yo Gotti Featuring Nicki Minaj,Down In The DM,2,2016-03-05
Drake,Hotline Bling,3,2016-03-05
Drake & Future,Jumpman,4,2016-03-05
Drake,Summer Sixteen,5,2016-03-05
Travi$ Scott,Antidote,6,2016-03-05
Kevin Gates,2 Phones,7,2016-03-05
Young Thug,Best Friend,8,2016-03-05
Future Featuring The Weeknd,Low Life,9,2016-03-05
Fetty Wap,Jimmy Choo,10,2016-03-05
Kevin Gates,Really Really,11,2016-03-05
Drake & Future,Big Rings,12,2016-03-05
DMX,X Gon' Give It To Ya,13,2016-03-05
Kendrick Lamar,Alright,14,2016-03-05
Luke Nasty,Might Be,15,2016-03-05
2 Chainz,Watch Out,16,2016-03-05
Kid Ink Featuring Fetty Wap,Promise,17,2016-03-05
DLOW,Bet You Can't Do It Like Me,18,2016-03-05
Wiz Khalifa Featuring Travi$ Scott,Bake Sale,19,2016-03-05
O.T. Genasis Featuring Young Dolph,Cut It,20,2016-03-05
iLoveMemphis,Lean & Dabb,21,2016-03-05
Missy Elliott Featuring Pharrell Williams,WTF (Where They From),22,2016-03-05
Ty Dolla $ign Featuring E-40,Saved,23,2016-03-05
Future,Stick Talk,24,2016-03-05
Belly Featuring The Weeknd,Might Not,25,2016-03-05
G-Eazy x Bebe Rexha,"Me, Myself & I",1,2016-03-12
Yo Gotti Featuring Nicki Minaj,Down In The DM,2,2016-03-12
Drake,Hotline Bling,3,2016-03-12
Drake & Future,Jumpman,4,2016-03-12
Kevin Gates,2 Phones,5,2016-03-12
Drake,Summer Sixteen,6,2016-03-12
Travi$ Scott,Antidote,7,2016-03-12
Young Thug,Best Friend,8,2016-03-12
Future Featuring The Weeknd,Low Life,9,2016-03-12
Kevin Gates,Really Really,10,2016-03-12
Fetty Wap,Jimmy Choo,11,2016-03-12
Drake & Future,Big Rings,12,2016-03-12
Luke Nasty,Might Be,13,2016-03-12
DMX,X Gon' Give It To Ya,14,2016-03-12
Kid Ink Featuring Fetty Wap,Promise,15,2016-03-12
Migos,Look At My Dab,16,2016-03-12
2 Chainz,Watch Out,17,2016-03-12
Ty Dolla $ign Featuring E-40,Saved,18,2016-03-12
O.T. Genasis Featuring Young Dolph,Cut It,19,2016-03-12
Belly Featuring The Weeknd,Panda,20,2016-03-12
Kendrick Lamar,Might Not,21,2016-03-12
DLOW,Alright,22,2016-03-12
Future,Bet You Can't Do It Like Me,23,2016-03-12
Wiz Khalifa Featuring Travi$ Scott,Stick Talk,24,2016-03-12
G-Eazy x Bebe Rexha,"Me, Myself & I",1,2016-03-19
Yo Gotti Featuring Nicki Minaj,Down In The DM,2,2016-03-19
Drake & Future,Jumpman,3,2016-03-19
Drake,Hotline Bling,4,2016-03-19
Kevin Gates,2 Phones,5,2016-03-19
Drake,Summer Sixteen,6,2016-03-19
Young Thug,Best Friend,7,2016-03-19
Future Featuring The Weeknd,Low Life,8,2016-03-19
Kevin Gates,Really Really,9,2016-03-19
Fetty Wap,Jimmy Choo,10,2016-03-19
Luke Nasty,Might Be,11,2016-03-19
Flo Rida Featuring Jason Derulo,Hello Friday,12,2016-03-19
Kid Ink Featuring Fetty Wap,Promise,13,2016-03-19
Drake & Future,Big Rings,14,2016-03-19
O.T. Genasis Featuring Young Dolph,Cut It,15,2016-03-19
Ty Dolla $ign Featuring E-40,Saved,16,2016-03-19
Desiigner,Panda,17,2016-03-19
Belly Featuring The Weeknd,Might Not,18,2016-03-19
2 Chainz,Watch Out,19,2016-03-19
Migos,Look At My Dab,20,2016-03-19
Future,Stick Talk,21,2016-03-19
DLOW,Bet You Can't Do It Like Me,22,2016-03-19
Kendrick Lamar,Alright,23,2016-03-19
A$AP Ferg Featuring Future,New Level,24,2016-03-19
Wiz Khalifa Featuring Travi$ Scott,Bake Sale,25,2016-03-19
G-Eazy x Bebe Rexha,"Me, Myself & I",1,2016-03-26
Yo Gotti Featuring Nicki Minaj,Down In The DM,2,2016-03-26
Kevin Gates,2 Phones,3,2016-03-26
Drake & Future,Jumpman,4,2016-03-26
Drake,Hotline Bling,5,2016-03-26
Drake,Summer Sixteen,6,2016-03-26
Future Featuring The Weeknd,Low Life,7,2016-03-26
Young Thug,Best Friend,8,2016-03-26
Kevin Gates,Really Really,9,2016-03-26
Desiigner,Panda,10,2016-03-26
Fetty Wap,Jimmy Choo,11,2016-03-26
Kendrick Lamar,Untitled 02 l 06.23.2014.,12,2016-03-26
O.T. Genasis Featuring Young Dolph,Cut It,13,2016-03-26
Luke Nasty,Might Be,14,2016-03-26
Kid Ink Featuring Fetty Wap,Promise,15,2016-03-26
Kendrick Lamar,Untitled 07 l 2014 - 2016,16,2016-03-26
2 Chainz,Watch Out,17,2016-03-26
Belly Featuring The Weeknd,Might Not,18,2016-03-26
Ty Dolla $ign Featuring E-40,Saved,19,2016-03-26
2 Chainz Featuring Lil Wayne,Gotta Lotta,20,2016-03-26
2 Chainz Featuring Lil Wayne,Bounce,21,2016-03-26
Future,Stick Talk,22,2016-03-26
Kendrick Lamar,Alright,23,2016-03-26
A$AP Ferg Featuring Future,New Level,24,2016-03-26
DLOW,Bet You Can't Do It Like Me,25,2016-03-26
G-Eazy x Bebe Rexha,"Me, Myself & I",1,2016-04-02
Kevin Gates,2 Phones,2,2016-04-02
Yo Gotti Featuring Nicki Minaj,Down In The DM,3,2016-04-02
Drake & Future,Jumpman,4,2016-04-02
Drake,Hotline Bling,5,2016-04-02
Drake,Summer Sixteen,6,2016-04-02
Desiigner,Panda,7,2016-04-02
Future Featuring The Weeknd,Low Life,8,2016-04-02
Young Thug,Best Friend,9,2016-04-02
Kevin Gates,Really Really,10,2016-04-02
O.T. Genasis Featuring Young Dolph,Cut It,11,2016-04-02
Kid Ink Featuring Fetty Wap,Promise,12,2016-04-02
Fetty Wap,Jimmy Choo,13,2016-04-02
Belly Featuring The Weeknd,Might Not,14,2016-04-02
Luke Nasty,Might Be,15,2016-04-02
Ty Dolla $ign Featuring E-40,Saved,16,2016-04-02
Kendrick Lamar,Untitled 02 l 06.23.2014.,17,2016-04-02
2 Chainz,Watch Out,18,2016-04-02
Future,Stick Talk,19,2016-04-02
A$AP Ferg Featuring Future,New Level,20,2016-04-02
Young Greatness,Moolah,21,2016-04-02
Future,March Madness,22,2016-04-02
Kendrick Lamar,Untitled 07 l 2014 - 2016,23,2016-04-02
DLOW,Bet You Can't Do It Like Me,24,2016-04-02
MadeinTYO,Uber Everywhere,25,2016-04-02
G-Eazy x Bebe Rexha,"Me, Myself & I",1,2016-04-09
Kevin Gates,2 Phones,2,2016-04-09
Desiigner,Panda,3,2016-04-09
Yo Gotti Featuring Nicki Minaj,Down In The DM,4,2016-04-09
Drake & Future,Jumpman,5,2016-04-09
Future Featuring The Weeknd,Low Life,6,2016-04-09
Drake,Summer Sixteen,7,2016-04-09
Iggy Azalea,Team,8,2016-04-09
Kevin Gates,Really Really,9,2016-04-09
Young Thug,Best Friend,10,2016-04-09
O.T. Genasis Featuring Young Dolph,Cut It,11,2016-04-09
Kid Ink Featuring Fetty Wap,Promise,12,2016-04-09
Fetty Wap,Jimmy Choo,13,2016-04-09
Belly Featuring The Weeknd,Might Not,14,2016-04-09
DJ Luke Nasty,Might Be,15,2016-04-09
Ty Dolla $ign Featuring E-40,Saved,16,2016-04-09
A$AP Ferg Featuring Future,New Level,17,2016-04-09
Young Greatness,Moolah,18,2016-04-09
2 Chainz,Watch Out,19,2016-04-09
MadeinTYO,Uber Everywhere,20,2016-04-09
Future,March Madness,21,2016-04-09
Fat Joe & Remy Ma Featuring French Montana,All The Way Up,22,2016-04-09
Yo Gotti Featuring E-40,Law,23,2016-04-09
J. Cole,Love Yourz,24,2016-04-09
Plies,Ran Off On Da Plug Twice,25,2016-04-09
G-Eazy x Bebe Rexha,"Me, Myself & I",1,2016-04-16
Desiigner,Panda,2,2016-04-16
Kevin Gates,2 Phones,3,2016-04-16
Yo Gotti Featuring Nicki Minaj,Down In The DM,4,2016-04-16
Future Featuring The Weeknd,Low Life,5,2016-04-16
Drake & Future,Jumpman,6,2016-04-16
Drake,Summer Sixteen,7,2016-04-16
Kevin Gates,Really Really,8,2016-04-16
O.T. Genasis Featuring Young Dolph,Cut It,9,2016-04-16
Young Thug,Best Friend,10,2016-04-16
Kid Ink Featuring Fetty Wap,Promise,11,2016-04-16
Fetty Wap,Jimmy Choo,12,2016-04-16
Iggy Azalea,Team,13,2016-04-16
Belly Featuring The Weeknd,Might Not,14,2016-04-16
DJ Luke Nasty,Might Be,15,2016-04-16
Ty Dolla $ign Featuring E-40,Saved,16,2016-04-16
Young Thug,With Them,17,2016-04-16
Fat Joe & Remy Ma Featuring French Montana,All The Way Up,18,2016-04-16
Young Thug,Digits,19,2016-04-16
Young Greatness,Moolah,20,2016-04-16
A$AP Ferg Featuring Future,New Level,21,2016-04-16
MadeinTYO,Uber Everywhere,22,2016-04-16
2 Chainz,Watch Out,23,2016-04-16
Yo Gotti Featuring E-40,Law,24,2016-04-16
Rae Sremmurd,By Chance,25,2016-04-16
Desiigner,Panda,1,2016-04-23
G-Eazy x Bebe Rexha,"Me, Myself & I",2,2016-04-23
Drake Featuring The Throne,Pop Style,3,2016-04-23
Kevin Gates,2 Phones,4,2016-04-23
Drake & Future,Jumpman,5,2016-04-23
Future Featuring The Weeknd,Low Life,6,2016-04-23
Yo Gotti Featuring Nicki Minaj,Down In The DM,7,2016-04-23
Kanye West,Famous,8,2016-04-23
Kanye West,Father Stretch My Hands Pt. 1,9,2016-04-23
Drake,Summer Sixteen,10,2016-04-23
Kanye West,Pt. 2,11,2016-04-23
O.T. Genasis Featuring Young Dolph,Cut It,12,2016-04-23
Kevin Gates,Really Really,13,2016-04-23
Kid Ink Featuring Fetty Wap,Promise,14,2016-04-23
Iggy Azalea,Team,15,2016-04-23
Kanye West,Ultralight Beam,16,2016-04-23
Kanye West,Waves,17,2016-04-23
Belly Featuring The Weeknd,Might Not,18,2016-04-23
Young Thug,Best Friend,19,2016-04-23
Fat Joe & Remy Ma Featuring French Montana,All The Way Up,20,2016-04-23
DJ Luke Nasty,Might Be,21,2016-04-23
Kanye West,FML,22,2016-04-23
Fetty Wap,Jimmy Choo,23,2016-04-23
Ty Dolla $ign Featuring E-40,Saved,24,2016-04-23
Kanye West,Real Friends,25,2016-04-23
Desiigner,Panda,1,2016-04-30
G-Eazy x Bebe Rexha,"Me, Myself & I",2,2016-04-30
Kevin Gates,2 Phones,3,2016-04-30
Drake Featuring The Throne,Pop Style,4,2016-04-30
Future Featuring The Weeknd,Low Life,5,2016-04-30
Drake & Future,Jumpman,6,2016-04-30
Yo Gotti Featuring Nicki Minaj,Down In The DM,7,2016-04-30
O.T. Genasis Featuring Young Dolph,Cut It,8,2016-04-30
Kanye West,Famous,9,2016-04-30
Drake,Summer Sixteen,10,2016-04-30
Kanye West,Father Stretch My Hands Pt. 1,11,2016-04-30
Kid Ink Featuring Fetty Wap,Promise,12,2016-04-30
Iggy Azalea,Team,13,2016-04-30
Kevin Gates,Really Really,14,2016-04-30
Belly Featuring The Weeknd,Might Not,15,2016-04-30
Fat Joe & Remy Ma Featuring French Montana,All The Way Up,16,2016-04-30
Pitbull Featuring Enrique Iglesias,Messin' Around,17,2016-04-30
Kanye West,Pt. 2,18,2016-04-30
DJ Luke Nasty,Might Be,19,2016-04-30
Ty Dolla $ign Featuring E-40,Saved,20,2016-04-30
MadeinTYO,Uber Everywhere,21,2016-04-30
Yo Gotti Featuring E-40,Law,22,2016-04-30
Kanye West,Waves,23,2016-04-30
Young Greatness,Moolah,24,2016-04-30
Fetty Wap,Jimmy Choo,25,2016-04-30
Desiigner,Panda,1,2016-05-07
G-Eazy x Bebe Rexha,"Me, Myself & I",2,2016-05-07
Future Featuring The Weeknd,Low Life,3,2016-05-07
Kevin Gates,2 Phones,4,2016-05-07
Drake Featuring The Throne,Pop Style,5,2016-05-07
Yo Gotti Featuring Nicki Minaj,Down In The DM,6,2016-05-07
O.T. Genasis Featuring Young Dolph,Cut It,7,2016-05-07
Kanye West,Famous,8,2016-05-07
Kid Ink Featuring Fetty Wap,Promise,9,2016-05-07
Kanye West,Father Stretch My Hands Pt. 1,10,2016-05-07
Fat Joe & Remy Ma Featuring French Montana,All The Way Up,11,2016-05-07
Drake,Summer Sixteen,12,2016-05-07
Iggy Azalea,Team,13,2016-05-07
Kevin Gates,Really Really,14,2016-05-07
Belly Featuring The Weeknd,Might Not,15,2016-05-07
Future,Wicked,16,2016-05-07
MadeinTYO,Uber Everywhere,17,2016-05-07
Young Greatness,Moolah,18,2016-05-07
Yo Gotti Featuring E-40,Law,19,2016-05-07
Ty Dolla $ign Featuring E-40,Saved,20,2016-05-07
DJ Luke Nasty,Might Be,21,2016-05-07
Kanye West,Pt. 2,22,2016-05-07
Fetty Wap,Jimmy Choo,23,2016-05-07
Kanye West,Waves,24,2016-05-07
A$AP Ferg Featuring Future,New Level,25,2016-05-07
Desiigner,Panda,1,2016-05-14
G-Eazy x Bebe Rexha,"Me, Myself & I",2,2016-05-14
Future Featuring The Weeknd,Low Life,3,2016-05-14
Kevin Gates,2 Phones,4,2016-05-14
Drake Featuring The Throne,Pop Style,5,2016-05-14
O.T. Genasis Featuring Young Dolph,Cut It,6,2016-05-14
Fat Joe & Remy Ma Featuring French Montana,All The Way Up,7,2016-05-14
Drake,Summer Sixteen,8,2016-05-14
Iggy Azalea,Team,9,2016-05-14
Kid Ink Featuring Fetty Wap,Promise,10,2016-05-14
Belly Featuring The Weeknd,Might Not,11,2016-05-14
Future,Wicked,12,2016-05-14
Kanye West,Father Stretch My Hands Pt. 1,13,2016-05-14
Kanye West,Famous,14,2016-05-14
Fetty Wap,Wake Up,15,2016-05-14
MadeinTYO,Uber Everywhere,16,2016-05-14
A$AP Ferg Featuring Future,New Level,17,2016-05-14
Post Malone,Go Flex,18,2016-05-14
Yo Gotti Featuring E-40,Law,19,2016-05-14
Young Greatness,Moolah,20,2016-05-14
Ty Dolla $ign Featuring E-40,Saved,21,2016-05-14
Kent Jones,Don't Mind,22,2016-05-14
Pitbull Featuring Enrique Iglesias,Messin' Around,23,2016-05-14
DJ Luke Nasty,Might Be,24,2016-05-14
Kanye West,Pt. 2,25,2016-05-14
Desiigner,Panda,1,2016-05-21
G-Eazy x Bebe Rexha,"Me, Myself & I",2,2016-05-21
Drake Featuring The Throne,Pop Style,3,2016-05-21
Future Featuring The Weeknd,Low Life,4,2016-05-21
Kevin Gates,2 Phones,5,2016-05-21
Drake,Hype,6,2016-05-21
Drake Featuring Future,Grammys,7,2016-05-21
Drake,Still Here,8,2016-05-21
Drake,U With Me?,9,2016-05-21
Drake,9,10,2016-05-21
Drake,Childs Play,11,2016-05-21
Drake Featuring Rihanna,Too Good,12,2016-05-21
Drake,Feel No Ways,13,2016-05-21
Drake,Weston Road Flows,14,2016-05-21
O.T. Genasis Featuring Young Dolph,Cut It,15,2016-05-21
Drake,Redemption,16,2016-05-21
Kent Jones,Don't Mind,17,2016-05-21
Drake,Keep The Family Close,18,2016-05-21
Drake Featuring Pimp C & dvsn,Faithful,19,2016-05-21
Drake,Fire & Desire,20,2016-05-21
Fat Joe & Remy Ma Featuring French Montana,All The Way Up,21,2016-05-21
Future,Wicked,22,2016-05-21
MadeinTYO,Uber Everywhere,23,2016-05-21
Belly Featuring The Weeknd,Might Not,24,2016-05-21
Drake,Views,25,2016-05-21
Desiigner,Panda,1,2016-05-28
G-Eazy x Bebe Rexha,"Me, Myself & I",2,2016-05-28
Future Featuring The Weeknd,Low Life,3,2016-05-28
Drake Featuring The Throne,Pop Style,4,2016-05-28
Kevin Gates,2 Phones,5,2016-05-28
Kent Jones,Don't Mind,6,2016-05-28
O.T. Genasis Featuring Young Dolph,Cut It,7,2016-05-28
Drake Featuring Rihanna,Too Good,8,2016-05-28
Drake,Hype,9,2016-05-28
Fat Joe & Remy Ma Featuring French Montana & Infared,All The Way Up,10,2016-05-28
Drake,Still Here,11,2016-05-28
Drake Featuring Future,Grammys,12,2016-05-28
Future,Wicked,13,2016-05-28
Drake,Childs Play,14,2016-05-28
MadeinTYO,Uber Everywhere,15,2016-05-28
Belly Featuring The Weeknd,Might Not,16,2016-05-28
Drake,9,17,2016-05-28
Drake,Feel No Ways,18,2016-05-28
Yo Gotti Featuring E-40,Law,19,2016-05-28
Drake,U With Me?,20,2016-05-28
Young Greatness,Moolah,21,2016-05-28
Kanye West,Famous,22,2016-05-28
Kid Ink Featuring Fetty Wap,Promise,23,2016-05-28
Drake,Fire & Desire,24,2016-05-28
Kanye West,Father Stretch My Hands Pt. 1,25,2016-05-28
Desiigner,Panda,1,2016-06-04
G-Eazy x Bebe Rexha,"Me, Myself & I",2,2016-06-04
Future Featuring The Weeknd,Low Life,3,2016-06-04
Drake Featuring The Throne,Pop Style,4,2016-06-04
Kevin Gates,2 Phones,5,2016-06-04
Kent Jones,Don't Mind,6,2016-06-04
Drake Featuring Rihanna,Too Good,7,2016-06-04
Drake,Hype,8,2016-06-04
O.T. Genasis Featuring Young Dolph,Cut It,9,2016-06-04
Drake,Still Here,10,2016-06-04
Drake Featuring Future,Grammys,11,2016-06-04
Fat Joe & Remy Ma Featuring French Montana & Infared,All The Way Up,12,2016-06-04
Drake,Childs Play,13,2016-06-04
Drake,9,14,2016-06-04
Drake,Feel No Ways,15,2016-06-04
Future,Wicked,16,2016-06-04
Drake,U With Me?,17,2016-06-04
MadeinTYO,Uber Everywhere,18,2016-06-04
Drake,Fire & Desire,19,2016-06-04
Belly Featuring The Weeknd,Might Not,20,2016-06-04
Drake,Redemption,21,2016-06-04
Drake,Weston Road Flows,22,2016-06-04
Drake,Keep The Family Close,23,2016-06-04
Chance The Rapper Featuring Lil Wayne & 2 Chainz,No Problem,24,2016-06-04
Yo Gotti Featuring E-40,Law,25,2016-06-04
Desiigner,Panda,1,2016-06-11
G-Eazy x Bebe Rexha,"Me, Myself & I",2,2016-06-11
Future Featuring The Weeknd,Low Life,3,2016-06-11
Kent Jones,Don't Mind,4,2016-06-11
Drake Featuring The Throne,Pop Style,5,2016-06-11
Kevin Gates,2 Phones,6,2016-06-11
Drake Featuring Rihanna,Too Good,7,2016-06-11
O.T. Genasis Featuring Young Dolph,Cut It,8,2016-06-11
Fat Joe & Remy Ma Featuring French Montana & Infared,All The Way Up,9,2016-06-11
Drake,Hype,10,2016-06-11
Drake,Still Here,11,2016-06-11
Drake Featuring Future,Grammys,12,2016-06-11
Drake,Childs Play,13,2016-06-11
Future,Wicked,14,2016-06-11
MadeinTYO,Uber Everywhere,15,2016-06-11
Drake,Feel No Ways,16,2016-06-11
Pitbull Featuring Enrique Iglesias,Messin' Around,17,2016-06-11
Drake,9,18,2016-06-11
Belly Featuring The Weeknd,Might Not,19,2016-06-11
Drake,U With Me?,20,2016-06-11
Yo Gotti Featuring E-40,Law,21,2016-06-11
Drake,Fire & Desire,22,2016-06-11
Young Greatness,Moolah,23,2016-06-11
Drake,Redemption,24,2016-06-11
Fetty Wap,Wake Up,25,2016-06-11
Desiigner,Panda,1,2016-06-18
Kent Jones,Don't Mind,2,2016-06-18
Future Featuring The Weeknd,Low Life,3,2016-06-18
G-Eazy x Bebe Rexha,"Me, Myself & I",4,2016-06-18
"Fat Joe, Remy Ma & JAY Z Featuring French Montana & Infared",All The Way Up,5,2016-06-18
Drake Featuring Rihanna,Too Good,6,2016-06-18
Kevin Gates,2 Phones,7,2016-06-18
Drake Featuring The Throne,Pop Style,8,2016-06-18
O.T. Genasis Featuring Young Dolph,Cut It,9,2016-06-18
Future,Wicked,10,2016-06-18
Kevin Gates,Really Really,11,2016-06-18
Drake,Hype,12,2016-06-18
MadeinTYO,Uber Everywhere,13,2016-06-18
Fetty Wap,Wake Up,14,2016-06-18
Drake,Childs Play,15,2016-06-18
Drake,Still Here,16,2016-06-18
Drake Featuring Future,Grammys,17,2016-06-18
Pitbull Featuring Enrique Iglesias,Messin' Around,18,2016-06-18
Belly Featuring The Weeknd,Might Not,19,2016-06-18
Drake,Feel No Ways,20,2016-06-18
Yo Gotti Featuring E-40,Law,21,2016-06-18
Young Greatness,Moolah,22,2016-06-18
Drake,9,23,2016-06-18
Chance The Rapper Featuring Lil Wayne & 2 Chainz,No Problem,24,2016-06-18
A$AP Ferg Featuring Future,New Level,25,2016-06-18
Desiigner,Panda,1,2016-06-25
Kent Jones,Don't Mind,2,2016-06-25
DJ Khaled Featuring Drake,For Free,3,2016-06-25
Future Featuring The Weeknd,Low Life,4,2016-06-25
"Fat Joe, Remy Ma & Jay Z Featuring French Montana & Infared",All The Way Up,5,2016-06-25
G-Eazy x Bebe Rexha,"Me, Myself & I",6,2016-06-25
Drake Featuring Rihanna,Too Good,7,2016-06-25
O.T. Genasis Featuring Young Dolph,Cut It,8,2016-06-25
Kevin Gates,2 Phones,9,2016-06-25
Drake Featuring The Throne,Pop Style,10,2016-06-25
Future,Wicked,11,2016-06-25
Kevin Gates,Really Really,12,2016-06-25
MadeinTYO,Uber Everywhere,13,2016-06-25
Fetty Wap,Wake Up,14,2016-06-25
Pitbull Featuring Enrique Iglesias,Messin' Around,15,2016-06-25
Drake,Hype,16,2016-06-25
Drake,Childs Play,17,2016-06-25
Drake,Still Here,18,2016-06-25
Drake Featuring Future,Grammys,19,2016-06-25
Belly Featuring The Weeknd,Might Not,20,2016-06-25
Drake,Feel No Ways,21,2016-06-25
Yo Gotti Featuring E-40,Law,22,2016-06-25
Kanye West,Father Stretch My Hands Pt. 1,23,2016-06-25
Young Greatness,Moolah,24,2016-06-25
Chance The Rapper Featuring Lil Wayne & 2 Chainz,No Problem,25,2016-06-25
Desiigner,Panda,1,2016-07-02
Kent Jones,Don't Mind,2,2016-07-02
Drake Featuring Rihanna,Too Good,3,2016-07-02
Future Featuring The Weeknd,Low Life,4,2016-07-02
"Fat Joe, Remy Ma & Jay Z Featuring French Montana & Infared",All The Way Up,5,2016-07-02
G-Eazy x Bebe Rexha,"Me, Myself & I",6,2016-07-02
O.T. Genasis Featuring Young Dolph,Cut It,7,2016-07-02
DJ Khaled Featuring Drake,For Free,8,2016-07-02
Future,Wicked,9,2016-07-02
Drake Featuring The Throne,Pop Style,10,2016-07-02
Kevin Gates,Really Really,11,2016-07-02
MadeinTYO,Uber Everywhere,12,2016-07-02
Fetty Wap,Wake Up,13,2016-07-02
Drake,Hype,14,2016-07-02
"Kanye West, Gucci Mane, Big Sean, 2 Chainz, Travi$ Scott, Yo Gotti, Quavo, Desiigner",Champions,15,2016-07-02
Drake,Childs Play,16,2016-07-02
ScHoolboy Q Featuring Kanye West,THat Part,17,2016-07-02
Pitbull Featuring Enrique Iglesias,Messin' Around,18,2016-07-02
Drake,Still Here,19,2016-07-02
Drake Featuring Future,Grammys,20,2016-07-02
D.R.A.M. Featuring Lil Yachty,Broccoli,21,2016-07-02
Chance The Rapper Featuring Lil Wayne & 2 Chainz,No Problem,22,2016-07-02
Lil Uzi Vert,Money Longer,23,2016-07-02
Wale,My PYT,24,2016-07-02
Kanye West,Father Stretch My Hands Pt. 1,25,2016-07-02
Desiigner,Panda,1,2016-07-09
Kent Jones,Don't Mind,2,2016-07-09
Drake Featuring Rihanna,Too Good,3,2016-07-09
Future Featuring The Weeknd,Low Life,4,2016-07-09
DJ Khaled Featuring Drake,For Free,5,2016-07-09
"Fat Joe, Remy Ma & Jay Z Featuring French Montana & Infared",All The Way Up,6,2016-07-09
O.T. Genasis Featuring Young Dolph,Cut It,7,2016-07-09
Future,Wicked,8,2016-07-09
Kevin Gates,Really Really,9,2016-07-09
Drake Featuring The Throne,Pop Style,10,2016-07-09
MadeinTYO,Uber Everywhere,11,2016-07-09
Fetty Wap,Wake Up,12,2016-07-09
D.R.A.M. Featuring Lil Yachty,Broccoli,13,2016-07-09
ScHoolboy Q Featuring Kanye West,THat Part,14,2016-07-09
Drake,Hype,15,2016-07-09
"Kanye West, Gucci Mane, Big Sean, 2 Chainz, Travi$ Scott, Yo Gotti, Quavo, Desiigner",Champions,16,2016-07-09
Wale,My PYT,17,2016-07-09
Drake,Childs Play,18,2016-07-09
Drake,Still Here,19,2016-07-09
YG Featuring Drake & Kamaiyah,Why You Always Hatin?,20,2016-07-09
Drake Featuring Future,Grammys,21,2016-07-09
Lil Uzi Vert,Money Longer,22,2016-07-09
Chance The Rapper Featuring Lil Wayne & 2 Chainz,No Problem,23,2016-07-09
Kanye West,Father Stretch My Hands Pt. 1,24,2016-07-09
Pitbull Featuring Enrique Iglesias,Messin' Around,25,2016-07-09
Desiigner,Panda,1,2016-07-16
Kent Jones,Don't Mind,2,2016-07-16
DJ Khaled Featuring Drake,For Free,3,2016-07-16
Drake Featuring Rihanna,Too Good,4,2016-07-16
"Fat Joe, Remy Ma & Jay Z Featuring French Montana & Infared",All The Way Up,5,2016-07-16
Future Featuring The Weeknd,Low Life,6,2016-07-16
"Lil Wayne, Wiz Khalifa & Imagine Dragons With Logic, Ty Dolla $ign & X Ambassadors",Sucker For Pain,7,2016-07-16
O.T. Genasis Featuring Young Dolph,Cut It,8,2016-07-16
Future,Wicked,9,2016-07-16
D.R.A.M. Featuring Lil Yachty,Broccoli,10,2016-07-16
Kevin Gates,Really Really,11,2016-07-16
MadeinTYO,Uber Everywhere,12,2016-07-16
Fetty Wap,Wake Up,13,2016-07-16
DJ Khaled Featuring JAY Z & Future,I Got The Keys,14,2016-07-16
Drake Featuring The Throne,Pop Style,15,2016-07-16
ScHoolboy Q Featuring Kanye West,THat Part,16,2016-07-16
Kanye West,Famous,17,2016-07-16
Wale,My PYT,18,2016-07-16
Drake,Hype,19,2016-07-16
Drake,Childs Play,20,2016-07-16
Lil Uzi Vert,Money Longer,21,2016-07-16
Drake Featuring Future,Grammys,22,2016-07-16
Drake,Still Here,23,2016-07-16
Kanye West,Father Stretch My Hands Pt. 1,24,2016-07-16
Chance The Rapper Featuring Lil Wayne & 2 Chainz,No Problem,25,2016-07-16
Desiigner,Panda,1,2016-07-23
Kent Jones,Don't Mind,2,2016-07-23
DJ Khaled Featuring Drake,For Free,3,2016-07-23
Drake Featuring Rihanna,Too Good,4,2016-07-23
Future Featuring The Weeknd,Low Life,5,2016-07-23
"Fat Joe, Remy Ma & Jay Z Featuring French Montana & Infared",All The Way Up,6,2016-07-23
Fergie,M.I.L.F.$,7,2016-07-23
O.T. Genasis Featuring Young Dolph,Cut It,8,2016-07-23
D.R.A.M. Featuring Lil Yachty,Broccoli,9,2016-07-23
Future,Wicked,10,2016-07-23
Fetty Wap,Wake Up,11,2016-07-23
DJ Khaled Featuring JAY Z & Future,I Got The Keys,12,2016-07-23
MadeinTYO,Uber Everywhere,13,2016-07-23
ScHoolboy Q Featuring Kanye West,THat Part,14,2016-07-23
Drake Featuring The Throne,Pop Style,15,2016-07-23
Wale,My PYT,16,2016-07-23
Kanye West,Famous,17,2016-07-23
"Lil Wayne, Wiz Khalifa & Imagine Dragons With Logic, Ty Dolla $ign & X Ambassadors",Sucker For Pain,18,2016-07-23
Pitbull Featuring Enrique Iglesias,Messin' Around,19,2016-07-23
Lil Uzi Vert,Money Longer,20,2016-07-23
YG Featuring Drake & Kamaiyah,Why You Always Hatin?,21,2016-07-23
Drake,Childs Play,22,2016-07-23
Drake,Still Here,23,2016-07-23
Drake,Hype,24,2016-07-23
French Montana Featuring Kodak Black,Lockjaw,25,2016-07-23
Desiigner,Panda,1,2016-07-30
Kent Jones,Don't Mind,2,2016-07-30
DJ Khaled Featuring Drake,For Free,3,2016-07-30
Drake Featuring Rihanna,Too Good,4,2016-07-30
Future Featuring The Weeknd,Low Life,5,2016-07-30
DJ Khaled Featuring Jay Z & Future,I Got The Keys,6,2016-07-30
"Fat Joe, Remy Ma & Jay Z Featuring French Montana & Infared",All The Way Up,7,2016-07-30
D.R.A.M. Featuring Lil Yachty,Broccoli,8,2016-07-30
Future,Wicked,9,2016-07-30
ScHoolboy Q Featuring Kanye West,THat Part,10,2016-07-30
O.T. Genasis Featuring Young Dolph,Cut It,11,2016-07-30
MadeinTYO,Uber Everywhere,12,2016-07-30
Fetty Wap,Wake Up,13,2016-07-30
Wale,My PYT,14,2016-07-30
Drake Featuring The Throne,Pop Style,15,2016-07-30
Lil Uzi Vert,Money Longer,16,2016-07-30
"Lil Wayne, Wiz Khalifa & Imagine Dragons With Logic, Ty Dolla $ign & X Ambassadors",Sucker For Pain,17,2016-07-30
French Montana Featuring Kodak Black,Lockjaw,18,2016-07-30
Fergie,M.I.L.F.$,19,2016-07-30
YG Featuring Drake & Kamaiyah,Why You Always Hatin?,20,2016-07-30
Kanye West,Famous,21,2016-07-30
Lil Uzi Vert,You Was Right,22,2016-07-30
Drake,Childs Play,23,2016-07-30
Chance The Rapper Featuring Lil Wayne & 2 Chainz,No Problem,24,2016-07-30
Kanye West,Father Stretch My Hands Pt. 1,25,2016-07-30
Kent Jones,Don't Mind,1,2016-08-06
Desiigner,Panda,2,2016-08-06
DJ Khaled Featuring Drake,For Free,3,2016-08-06
Drake Featuring Rihanna,Too Good,4,2016-08-06
DJ Khaled Featuring Jay Z & Future,I Got The Keys,5,2016-08-06
Future Featuring The Weeknd,Low Life,6,2016-08-06
D.R.A.M. Featuring Lil Yachty,Broccoli,7,2016-08-06
ScHoolboy Q Featuring Kanye West,THat Part,8,2016-08-06
Future,Wicked,9,2016-08-06
"Fat Joe, Remy Ma & Jay Z Featuring French Montana & Infared",All The Way Up,10,2016-08-06
Wale,My PYT,11,2016-08-06
MadeinTYO,Uber Everywhere,12,2016-08-06
Fetty Wap,Wake Up,13,2016-08-06
Kanye West,Famous,14,2016-08-06
Drake Featuring The Throne,Pop Style,15,2016-08-06
French Montana Featuring Kodak Black,Lockjaw,16,2016-08-06
Lil Uzi Vert,Money Longer,17,2016-08-06
"Lil Wayne, Wiz Khalifa & Imagine Dragons With Logic, Ty Dolla $ign & X Ambassadors",Sucker For Pain,18,2016-08-06
Fergie,M.I.L.F.$,19,2016-08-06
YG Featuring Drake & Kamaiyah,Why You Always Hatin?,20,2016-08-06
French Montana Featuring Drake,No Shopping,21,2016-08-06
Lil Uzi Vert,You Was Right,22,2016-08-06
Chance The Rapper Featuring Lil Wayne & 2 Chainz,No Problem,23,2016-08-06
Drake,Childs Play,24,2016-08-06
Dae Dae,"Wat U Mean (Aye, Aye, Aye)",25,2016-08-06
Desiigner,Panda,1,2016-08-13
Kent Jones,Don't Mind,2,2016-08-13
DJ Khaled Featuring Drake,For Free,3,2016-08-13
Drake Featuring Rihanna,Too Good,4,2016-08-13
D.R.A.M. Featuring Lil Yachty,Broccoli,5,2016-08-13
DJ Khaled Featuring Jay Z & Future,I Got The Keys,6,2016-08-13
Future Featuring The Weeknd,Low Life,7,2016-08-13
ScHoolboy Q Featuring Kanye West,THat Part,8,2016-08-13
Desiigner,Tiimmy Turner,9,2016-08-13
Future,Wicked,10,2016-08-13
"Fat Joe, Remy Ma & Jay Z Featuring French Montana & Infared",All The Way Up,11,2016-08-13
Wale,My PYT,12,2016-08-13
"Lil Wayne, Wiz Khalifa & Imagine Dragons With Logic, Ty Dolla $ign Featuring X Ambassadors",Sucker For Pain,13,2016-08-13
Skrillex & Rick Ross,Purple Lamborghini,14,2016-08-13
Lil Uzi Vert,Money Longer,15,2016-08-13
MadeinTYO,Uber Everywhere,16,2016-08-13
Kanye West,Famous,17,2016-08-13
French Montana Featuring Kodak Black,Lockjaw,18,2016-08-13
Fetty Wap,Wake Up,19,2016-08-13
Drake Featuring The Throne,Pop Style,20,2016-08-13
French Montana Featuring Drake,No Shopping,21,2016-08-13
Gucci Mane & Drake,Back On The Road,22,2016-08-13
Dae Dae,"Wat U Mean (Aye, Aye, Aye)",23,2016-08-13
Lil Yachty,1 Night,24,2016-08-13
Gucci Mane Featuring Kanye West,P**** Print,25,2016-08-13
Desiigner,Panda,1,2016-08-20
DJ Khaled Featuring Drake,For Free,2,2016-08-20
Kent Jones,Don't Mind,3,2016-08-20
Drake Featuring Rihanna,Too Good,4,2016-08-20
D.R.A.M. Featuring Lil Yachty,Broccoli,5,2016-08-20
DJ Khaled Featuring Jay Z & Future,I Got The Keys,6,2016-08-20
Future Featuring The Weeknd,Low Life,7,2016-08-20
French Montana Featuring Drake,No Shopping,8,2016-08-20
Desiigner,Tiimmy Turner,9,2016-08-20
"Lil Wayne, Wiz Khalifa & Imagine Dragons With Logic, Ty Dolla $ign Featuring X Ambassadors",Sucker For Pain,10,2016-08-20
Future,Wicked,11,2016-08-20
ScHoolboy Q Featuring Kanye West,THat Part,12,2016-08-20
Wale,My PYT,13,2016-08-20
"Fat Joe, Remy Ma & Jay Z Featuring French Montana & Infared",All The Way Up,14,2016-08-20
Lil Uzi Vert,Money Longer,15,2016-08-20
MadeinTYO,Uber Everywhere,16,2016-08-20
French Montana Featuring Kodak Black,Lockjaw,17,2016-08-20
Dae Dae,"Wat U Mean (Aye, Aye, Aye)",18,2016-08-20
Fetty Wap,Wake Up,19,2016-08-20
Drake Featuring The Throne,Pop Style,20,2016-08-20
Kanye West,Father Stretch My Hands Pt. 1,21,2016-08-20
"DJ Khaled Featuring Big Sean, Kendrick Lamar & Betty Wright",Holy Key,22,2016-08-20
Kanye West,Famous,23,2016-08-20
Skrillex & Rick Ross,Purple Lamborghini,24,2016-08-20
Lil Uzi Vert,You Was Right,25,2016-08-20
"Lil Wayne, Wiz Khalifa & Imagine Dragons With Logic, Ty Dolla $ign Featuring X Ambassadors",Sucker For Pain,1,2016-08-27
Desiigner,Panda,2,2016-08-27
Drake Featuring Rihanna,Too Good,3,2016-08-27
DJ Khaled Featuring Drake,For Free,4,2016-08-27
Kent Jones,Don't Mind,5,2016-08-27
D.R.A.M. Featuring Lil Yachty,Broccoli,6,2016-08-27
Skrillex & Rick Ross,Purple Lamborghini,7,2016-08-27
DJ Khaled Featuring Jay Z & Future,I Got The Keys,8,2016-08-27
Desiigner,Tiimmy Turner,9,2016-08-27
ScHoolboy Q Featuring Kanye West,THat Part,10,2016-08-27
Wale,My PYT,11,2016-08-27
Future,Wicked,12,2016-08-27
French Montana Featuring Drake,No Shopping,13,2016-08-27
"Fat Joe, Remy Ma & Jay Z Featuring French Montana & Infared",All The Way Up,14,2016-08-27
Lil Uzi Vert,Money Longer,15,2016-08-27
Dae Dae,"Wat U Mean (Aye, Aye, Aye)",16,2016-08-27
MadeinTYO,Uber Everywhere,17,2016-08-27
French Montana Featuring Kodak Black,Lockjaw,18,2016-08-27
Kanye West,Father Stretch My Hands Pt. 1,19,2016-08-27
Rob $tone Featuring J. Davi$ & Spooks,Chill Bill,20,2016-08-27
Drake Featuring The Throne,Pop Style,21,2016-08-27
Lil Uzi Vert,You Was Right,22,2016-08-27
Fetty Wap,Wake Up,23,2016-08-27
"DJ Khaled Featuring Nicki Minaj, Chris Brown & August Alsina",Do You Mind,24,2016-08-27
Chance The Rapper Featuring Lil Wayne & 2 Chainz,No Problem,25,2016-08-27
Drake Featuring Rihanna,Too Good,1,2016-09-03
DJ Khaled Featuring Drake,For Free,2,2016-09-03
"Lil Wayne, Wiz Khalifa & Imagine Dragons With Logic & Ty Dolla $ign Feat. X Ambassadors",Sucker For Pain,3,2016-09-03
Desiigner,Panda,4,2016-09-03
D.R.A.M. Featuring Lil Yachty,Broccoli,5,2016-09-03
Kent Jones,Don't Mind,6,2016-09-03
Desiigner,Tiimmy Turner,7,2016-09-03
DJ Khaled Featuring Jay Z & Future,I Got The Keys,8,2016-09-03
Skrillex & Rick Ross,Purple Lamborghini,9,2016-09-03
ScHoolboy Q Featuring Kanye West,THat Part,10,2016-09-03
Wale,My PYT,11,2016-09-03
Future,Wicked,12,2016-09-03
"Fat Joe, Remy Ma & Jay Z Featuring French Montana & Infared",All The Way Up,13,2016-09-03
Lil Uzi Vert,Money Longer,14,2016-09-03
Dae Dae,"Wat U Mean (Aye, Aye, Aye)",15,2016-09-03
French Montana Featuring Drake,No Shopping,16,2016-09-03
YG Featuring Drake & Kamaiyah,Why You Always Hatin?,17,2016-09-03
Kanye West,Father Stretch My Hands Pt. 1,18,2016-09-03
Rae Sremmurd,Look Alive,19,2016-09-03
Rob $tone Featuring J. Davi$ & Spooks,Chill Bill,20,2016-09-03
French Montana Featuring Kodak Black,Lockjaw,21,2016-09-03
Drake Featuring The Throne,Pop Style,22,2016-09-03
Chance The Rapper Featuring Lil Wayne & 2 Chainz,No Problem,23,2016-09-03
Young Thug And Travis Scott Featuring Quavo,Pick Up The Phone,24,2016-09-03
"DJ Khaled Featuring Nicki Minaj, Chris Brown & August Alsina",Do You Mind,25,2016-09-03
Drake Featuring Rihanna,Too Good,1,2016-09-10
"Lil Wayne, Wiz Khalifa & Imagine Dragons With Logic & Ty Dolla $ign Feat. X Ambassadors",Sucker For Pain,2,2016-09-10
DJ Khaled Featuring Drake,For Free,3,2016-09-10
D.R.A.M. Featuring Lil Yachty,Broccoli,4,2016-09-10
Desiigner,Panda,5,2016-09-10
Desiigner,Tiimmy Turner,6,2016-09-10
Kent Jones,Don't Mind,7,2016-09-10
DJ Khaled Featuring Jay Z & Future,I Got The Keys,8,2016-09-10
Skrillex & Rick Ross,Purple Lamborghini,9,2016-09-10
ScHoolboy Q Featuring Kanye West,THat Part,10,2016-09-10
Wale,My PYT,11,2016-09-10
Lil Uzi Vert,Money Longer,12,2016-09-10
YG Featuring Drake & Kamaiyah,Why You Always Hatin?,13,2016-09-10
Future,Wicked,14,2016-09-10
Dae Dae,"Wat U Mean (Aye, Aye, Aye)",15,2016-09-10
"Fat Joe, Remy Ma & Jay Z Featuring French Montana & Infared",All The Way Up,16,2016-09-10
Kanye West,Father Stretch My Hands Pt. 1,17,2016-09-10
French Montana Featuring Drake,No Shopping,18,2016-09-10
Rob $tone Featuring J. Davi$ & Spooks,Chill Bill,19,2016-09-10
Young Thug And Travis Scott Featuring Quavo,Pick Up The Phone,20,2016-09-10
Chance The Rapper Featuring Lil Wayne & 2 Chainz,No Problem,21,2016-09-10
Lil Yachty,1 Night,22,2016-09-10
"DJ Khaled Featuring Nicki Minaj, Chris Brown & August Alsina",Do You Mind,23,2016-09-10
French Montana Featuring Kodak Black,Lockjaw,24,2016-09-10
Rae Sremmurd,Look Alive,25,2016-09-10
Drake Featuring Rihanna,Too Good,1,2016-09-17
D.R.A.M. Featuring Lil Yachty,Broccoli,2,2016-09-17
"Lil Wayne, Wiz Khalifa & Imagine Dragons With Logic & Ty Dolla $ign Feat. X Ambassadors",Sucker For Pain,3,2016-09-17
DJ Khaled Featuring Drake,For Free,4,2016-09-17
Desiigner,Panda,5,2016-09-17
Desiigner,Tiimmy Turner,6,2016-09-17
Kent Jones,Don't Mind,7,2016-09-17
DJ Khaled Featuring Jay Z & Future,I Got The Keys,8,2016-09-17
Lil Uzi Vert,Money Longer,9,2016-09-17
ScHoolboy Q Featuring Kanye West,THat Part,10,2016-09-17
Skrillex & Rick Ross,Purple Lamborghini,11,2016-09-17
Wale,My PYT,12,2016-09-17
Rob $tone Featuring J. Davi$ & Spooks,Chill Bill,13,2016-09-17
YG Featuring Drake & Kamaiyah,Why You Always Hatin?,14,2016-09-17
Dae Dae,"Wat U Mean (Aye, Aye, Aye)",15,2016-09-17
Kanye West,Father Stretch My Hands Pt. 1,16,2016-09-17
Young Thug And Travis Scott Featuring Quavo,Pick Up The Phone,17,2016-09-17
French Montana Featuring Drake,No Shopping,18,2016-09-17
Chance The Rapper Featuring Lil Wayne & 2 Chainz,No Problem,19,2016-09-17
DJ ESCO Featuring Future & Lil Uzi Vert,Too Much Sauce,20,2016-09-17
Lil Yachty,1 Night,21,2016-09-17
Young M.a.,Ooouuu,22,2016-09-17
Future,Wicked,23,2016-09-17
Young Thug,Wyclef Jean,24,2016-09-17
Lil Uzi Vert,You Was Right,25,2016-09-17
D.R.A.M. Featuring Lil Yachty,Broccoli,1,2016-09-24
Drake Featuring Rihanna,Too Good,2,2016-09-24
"Lil Wayne, Wiz Khalifa & Imagine Dragons With Logic & Ty Dolla $ign Feat. X Ambassadors",Sucker For Pain,3,2016-09-24
DJ Khaled Featuring Drake,For Free,4,2016-09-24
Desiigner,Panda,5,2016-09-24
Desiigner,Tiimmy Turner,6,2016-09-24
Young Thug And Travis Scott Featuring Quavo,Pick Up The Phone,7,2016-09-24
Kent Jones,Don't Mind,8,2016-09-24
Rob $tone Featuring J. Davi$ & Spooks,Chill Bill,9,2016-09-24
DJ Khaled Featuring Jay Z & Future,I Got The Keys,10,2016-09-24
Lil Uzi Vert,Money Longer,11,2016-09-24
Kanye West,Father Stretch My Hands Pt. 1,12,2016-09-24
ScHoolboy Q Featuring Kanye West,THat Part,13,2016-09-24
Dae Dae,"Wat U Mean (Aye, Aye, Aye)",14,2016-09-24
YG Featuring Drake & Kamaiyah,Why You Always Hatin?,15,2016-09-24
Skrillex & Rick Ross,Purple Lamborghini,16,2016-09-24
Wale,My PYT,17,2016-09-24
Chance The Rapper Featuring Lil Wayne & 2 Chainz,No Problem,18,2016-09-24
Drake,Childs Play,19,2016-09-24
DJ ESCO Featuring Future & Lil Uzi Vert,Too Much Sauce,20,2016-09-24
Young M.A,OOOUUU,21,2016-09-24
Lil Yachty,1 Night,22,2016-09-24
French Montana Featuring Drake,No Shopping,23,2016-09-24
"DJ Drama Featuring Chris Brown, Skeme & Lyquin",Wishing,24,2016-09-24
Travis Scott Featuring Kendrick Lamar,Goosebumps,25,2016-09-24
D.R.A.M. Featuring Lil Yachty,Broccoli,1,2016-10-01
Drake Featuring Rihanna,Too Good,2,2016-10-01
"Lil Wayne, Wiz Khalifa & Imagine Dragons With Logic & Ty Dolla $ign Feat. X Ambassadors",Sucker For Pain,3,2016-10-01
Desiigner,Panda,4,2016-10-01
DJ Khaled Featuring Drake,For Free,5,2016-10-01
Desiigner,Tiimmy Turner,6,2016-10-01
Young Thug And Travis Scott Featuring Quavo,Pick Up The Phone,7,2016-10-01
Rob $tone Featuring J. Davi$ & Spooks,Chill Bill,8,2016-10-01
Lil Uzi Vert,Money Longer,9,2016-10-01
Kanye West,Father Stretch My Hands Pt. 1,10,2016-10-01
Kent Jones,Don't Mind,11,2016-10-01
DJ Khaled Featuring Jay Z & Future,I Got The Keys,12,2016-10-01
Chance The Rapper Featuring Lil Wayne & 2 Chainz,No Problem,13,2016-10-01
ScHoolboy Q Featuring Kanye West,THat Part,14,2016-10-01
Young M.A,OOOUUU,15,2016-10-01
Dae Dae,"Wat U Mean (Aye, Aye, Aye)",16,2016-10-01
Aminé,Caroline,17,2016-10-01
Post Malone Featuring Justin Bieber,Deja Vu,18,2016-10-01
YG Featuring Drake & Kamaiyah,Why You Always Hatin?,19,2016-10-01
Skrillex & Rick Ross,Purple Lamborghini,20,2016-10-01
DJ ESCO Featuring Future & Lil Uzi Vert,Too Much Sauce,21,2016-10-01
Lil Yachty,1 Night,22,2016-10-01
Wale,My PYT,23,2016-10-01
Drake,Childs Play,24,2016-10-01
"DJ Drama Featuring Chris Brown, Skeme & Lyquin",Wishing,25,2016-10-01
D.R.A.M. Featuring Lil Yachty,Broccoli,1,2016-10-08
Drake Featuring Rihanna,Too Good,2,2016-10-08
"Lil Wayne, Wiz Khalifa & Imagine Dragons With Logic & Ty Dolla $ign Feat. X Ambassadors",Sucker For Pain,3,2016-10-08
Desiigner,Panda,4,2016-10-08
DJ Khaled Featuring Drake,For Free,5,2016-10-08
Desiigner,Tiimmy Turner,6,2016-10-08
Rob $tone Featuring J. Davi$ & Spooks,Chill Bill,7,2016-10-08
Young Thug And Travis Scott Featuring Quavo,Pick Up The Phone,8,2016-10-08
Young M.A,OOOUUU,9,2016-10-08
Chance The Rapper Featuring Lil Wayne & 2 Chainz,No Problem,10,2016-10-08
Kanye West,Father Stretch My Hands Pt. 1,11,2016-10-08
Lil Uzi Vert,Juju On Dat Beat (TZ Anthem),12,2016-10-08
Aminé,Money Longer,13,2016-10-08
Lil Yachty,Caroline,14,2016-10-08
Kent Jones,1 Night,15,2016-10-08
DJ Khaled Featuring Jay Z & Future,Don't Mind,16,2016-10-08
Rae Sremmurd Featuring Gucci Mane,I Got The Keys,17,2016-10-08
ScHoolboy Q Featuring Kanye West,Black Beatles,18,2016-10-08
Dae Dae,THat Part,19,2016-10-08
21 Savage & Metro Boomin Featuring Future,"Wat U Mean (Aye, Aye, Aye)",20,2016-10-08
DJ ESCO Featuring Future & Lil Uzi Vert,X,21,2016-10-08
YG Featuring Drake & Kamaiyah,Too Much Sauce,22,2016-10-08
YFN Lucci Featuring Migos & Trouble,Why You Always Hatin?,23,2016-10-08
"DJ Khaled Featuring Nicki Minaj, Chris Brown & August Alsina",Key To The Streets,24,2016-10-08
D.R.A.M. Featuring Lil Yachty,Broccoli,1,2016-10-15
Drake Featuring Rihanna,Too Good,2,2016-10-15
"Lil Wayne, Wiz Khalifa & Imagine Dragons With Logic & Ty Dolla $ign Feat. X Ambassadors",Sucker For Pain,3,2016-10-15
Desiigner,Panda,4,2016-10-15
DJ Khaled Featuring Drake,For Free,5,2016-10-15
Young M.A,OOOUUU,6,2016-10-15
Rob $tone Featuring J. Davi$ & Spooks,Chill Bill,7,2016-10-15
Rae Sremmurd Featuring Gucci Mane,Black Beatles,8,2016-10-15
Desiigner,Tiimmy Turner,9,2016-10-15
Young Thug And Travis Scott Featuring Quavo,Pick Up The Phone,10,2016-10-15
Amine,Caroline,11,2016-10-15
Chance The Rapper Featuring Lil Wayne & 2 Chainz,No Problem,12,2016-10-15
Kanye West,Father Stretch My Hands Pt. 1,13,2016-10-15
Lil Yachty,1 Night,14,2016-10-15
Lil Uzi Vert,Money Longer,15,2016-10-15
21 Savage & Metro Boomin Featuring Future,X,16,2016-10-15
DJ ESCO Featuring Future & Lil Uzi Vert,Too Much Sauce,17,2016-10-15
DJ Khaled Featuring Jay Z & Future,I Got The Keys,18,2016-10-15
"DJ Khaled Featuring Nicki Minaj, Chris Brown & August Alsina",Do You Mind,19,2016-10-15
ScHoolboy Q Featuring Kanye West,THat Part,20,2016-10-15
Dae Dae,"Wat U Mean (Aye, Aye, Aye)",21,2016-10-15
Lil Uzi Vert,You Was Right,22,2016-10-15
YFN Lucci Featuring Migos & Trouble,Key To The Streets,23,2016-10-15
YG Featuring Drake & Kamaiyah,Why You Always Hatin?,24,2016-10-15
Travis Scott,Goosebumps,25,2016-10-15
D.R.A.M. Featuring Lil Yachty,Broccoli,1,2016-10-22
Drake Featuring Rihanna,Too Good,2,2016-10-22
"Lil Wayne, Wiz Khalifa & Imagine Dragons With Logic & Ty Dolla $ign Feat. X Ambassadors",Sucker For Pain,3,2016-10-22
Young M.A,OOOUUU,4,2016-10-22
Desiigner,Panda,5,2016-10-22
Desiigner,Tiimmy Turner,6,2016-10-22
DJ Khaled Featuring Drake,For Free,7,2016-10-22
Rae Sremmurd Featuring Gucci Mane,Black Beatles,8,2016-10-22
Rob $tone Featuring J. Davi$ & Spooks,Chill Bill,9,2016-10-22
Amine,Caroline,10,2016-10-22
Young Thug And Travis Scott Featuring Quavo,Pick Up The Phone,11,2016-10-22
Chance The Rapper Featuring Lil Wayne & 2 Chainz,No Problem,12,2016-10-22
"DJ Khaled Featuring Nicki Minaj, Chris Brown & August Alsina",Do You Mind,13,2016-10-22
Kanye West,Father Stretch My Hands Pt. 1,14,2016-10-22
Lil Yachty,1 Night,15,2016-10-22
Lil Uzi Vert,Money Longer,16,2016-10-22
DJ ESCO Featuring Future & Lil Uzi Vert,Too Much Sauce,17,2016-10-22
21 Savage & Metro Boomin Featuring Future,X,18,2016-10-22
"DJ Drama Featuring Chris Brown, Skeme & Lyquin",Wishing,19,2016-10-22
Lil Uzi Vert,You Was Right,20,2016-10-22
Dae Dae,"Wat U Mean (Aye, Aye, Aye)",21,2016-10-22
YFN Lucci Featuring Migos & Trouble,Key To The Streets,22,2016-10-22
ScHoolboy Q Featuring Kanye West,THat Part,23,2016-10-22
Zay Hilfigerrr & Zayion McCall,Juju On That Beat (TZ Anthem),24,2016-10-22
DJ Khaled Featuring Jay Z & Future,I Got The Keys,25,2016-10-22
D.R.A.M. Featuring Lil Yachty,Broccoli,1,2016-10-29
Zay Hilfigerrr & Zayion McCall,Juju On That Beat (TZ Anthem),2,2016-10-29
"Lil Wayne, Wiz Khalifa & Imagine Dragons With Logic & Ty Dolla $ign Feat. X Ambassadors",Sucker For Pain,3,2016-10-29
Drake Featuring Rihanna,Too Good,4,2016-10-29
Young M.A,OOOUUU,5,2016-10-29
Desiigner,Panda,6,2016-10-29
Rae Sremmurd Featuring Gucci Mane,Black Beatles,7,2016-10-29
Amine,Caroline,8,2016-10-29
Desiigner,Tiimmy Turner,9,2016-10-29
DJ Khaled Featuring Drake,For Free,10,2016-10-29
Rob $tone Featuring J. Davi$ & Spooks,Chill Bill,11,2016-10-29
Young Thug And Travis Scott Featuring Quavo,Pick Up The Phone,12,2016-10-29
"DJ Khaled Featuring Nicki Minaj, Chris Brown & August Alsina",Do You Mind,13,2016-10-29
Chance The Rapper Featuring Lil Wayne & 2 Chainz,No Problem,14,2016-10-29
Lil Yachty,1 Night,15,2016-10-29
Kanye West,Father Stretch My Hands Pt. 1,16,2016-10-29
DJ ESCO Featuring Future & Lil Uzi Vert,Too Much Sauce,17,2016-10-29
21 Savage & Metro Boomin Featuring Future,X,18,2016-10-29
Lil Uzi Vert,Money Longer,19,2016-10-29
Lil Uzi Vert,You Was Right,20,2016-10-29
YFN Lucci Featuring Migos & Trouble,Key To The Streets,21,2016-10-29
"DJ Drama Featuring Chris Brown, Skeme & Lyquin",Wishing,22,2016-10-29
Dae Dae,"Wat U Mean (Aye, Aye, Aye)",23,2016-10-29
ScHoolboy Q Featuring Kanye West,THat Part,24,2016-10-29
DJ Khaled Featuring Jay Z & Future,I Got The Keys,25,2016-10-29
D.R.A.M. Featuring Lil Yachty,Broccoli,1,2016-11-05
Zay Hilfigerrr & Zayion McCall,Juju On That Beat (TZ Anthem),2,2016-11-05
Young M.A,OOOUUU,3,2016-11-05
Rae Sremmurd Featuring Gucci Mane,Black Beatles,4,2016-11-05
"Lil Wayne, Wiz Khalifa & Imagine Dragons With Logic & Ty Dolla $ign Feat. X Ambassadors",Sucker For Pain,5,2016-11-05
Drake Featuring Rihanna,Too Good,6,2016-11-05
Amine,Caroline,7,2016-11-05
Desiigner,Tiimmy Turner,8,2016-11-05
Rob $tone Featuring J. Davi$ & Spooks,Chill Bill,9,2016-11-05
Chance The Rapper Featuring Lil Wayne & 2 Chainz,No Problem,10,2016-11-05
DJ Khaled Featuring Drake,For Free,11,2016-11-05
Young Thug And Travis Scott Featuring Quavo,Pick Up The Phone,12,2016-11-05
Lil Yachty,1 Night,13,2016-11-05
21 Savage & Metro Boomin Featuring Future,X,14,2016-11-05
"DJ Khaled Featuring Nicki Minaj, Chris Brown & August Alsina",Do You Mind,15,2016-11-05
Lil Uzi Vert,Money Longer,16,2016-11-05
DJ ESCO Featuring Future & Lil Uzi Vert,Too Much Sauce,17,2016-11-05
YFN Lucci Featuring Migos & Trouble,Key To The Streets,18,2016-11-05
Lil Uzi Vert,You Was Right,19,2016-11-05
"DJ Drama Featuring Chris Brown, Skeme & Lyquin",Wishing,20,2016-11-05
The Game Featuring Jeremih,All Eyez,21,2016-11-05
Dae Dae,Bad Things,22,2016-11-05
DJ Khaled Featuring Jay Z & Future,"Wat U Mean (Aye, Aye, Aye)",23,2016-11-05
French Montana Featuring Kodak Black,I Got The Keys,24,2016-11-05
D.R.A.M. Featuring Lil Yachty,Broccoli,1,2016-11-12
Zay Hilfigerrr & Zayion McCall,Juju On That Beat (TZ Anthem),2,2016-11-12
Rae Sremmurd Featuring Gucci Mane,Black Beatles,3,2016-11-12
Young M.A,OOOUUU,4,2016-11-12
Drake,Fake Love,5,2016-11-12
Amine,Caroline,6,2016-11-12
"Lil Wayne, Wiz Khalifa & Imagine Dragons With Logic & Ty Dolla $ign Feat. X Ambassadors",Sucker For Pain,7,2016-11-12
Drake Featuring Rihanna,Too Good,8,2016-11-12
Desiigner,Tiimmy Turner,9,2016-11-12
Drake Featuring 21 Savage,Sneakin',10,2016-11-12
Rob $tone Featuring J. Davi$ & Spooks,Chill Bill,11,2016-11-12
Chance The Rapper Featuring Lil Wayne & 2 Chainz,No Problem,12,2016-11-12
21 Savage & Metro Boomin Featuring Future,X,13,2016-11-12
"DJ Khaled Featuring Nicki Minaj, Chris Brown & August Alsina",Do You Mind,14,2016-11-12
Lil Yachty,1 Night,15,2016-11-12
Young Thug And Travis Scott Featuring Quavo,Pick Up The Phone,16,2016-11-12
DJ Khaled Featuring Drake,For Free,17,2016-11-12
Lil Uzi Vert,Money Longer,18,2016-11-12
DJ ESCO Featuring Future & Lil Uzi Vert,Too Much Sauce,19,2016-11-12
Lil Uzi Vert,You Was Right,20,2016-11-12
YFN Lucci Featuring Migos & Trouble,Key To The Streets,21,2016-11-12
"DJ Drama Featuring Chris Brown, Skeme & Lyquin",Wishing,22,2016-11-12
The Game Featuring Jeremih,All Eyez,23,2016-11-12
21 Savage & Metro Boomin,No Heart,24,2016-11-12
Dae Dae,"Wat U Mean (Aye, Aye, Aye)",25,2016-11-12
D.R.A.M. Featuring Lil Yachty,Broccoli,1,2016-11-19
Zay Hilfigerrr & Zayion McCall,Juju On That Beat (TZ Anthem),2,2016-11-19
Rae Sremmurd Featuring Gucci Mane,Black Beatles,3,2016-11-19
Drake,Fake Love,4,2016-11-19
Young M.A,OOOUUU,5,2016-11-19
Amine,Caroline,6,2016-11-19
Drake Featuring 21 Savage,Sneakin',7,2016-11-19
"Lil Wayne, Wiz Khalifa & Imagine Dragons With Logic & Ty Dolla $ign Feat. X Ambassadors",Sucker For Pain,8,2016-11-19
Rob $tone Featuring J. Davi$ & Spooks,Chill Bill,9,2016-11-19
Desiigner,Tiimmy Turner,10,2016-11-19
"DJ Khaled Featuring Nicki Minaj, Chris Brown & August Alsina",Do You Mind,11,2016-11-19
Chance The Rapper Featuring Lil Wayne & 2 Chainz,No Problem,12,2016-11-19
21 Savage & Metro Boomin Featuring Future,X,13,2016-11-19
Meek Mill Featuring Tory Lanez,Litty,14,2016-11-19
Lil Yachty,1 Night,15,2016-11-19
Young Thug And Travis Scott Featuring Quavo,Pick Up The Phone,16,2016-11-19
Lil Uzi Vert,Money Longer,17,2016-11-19
DJ ESCO Featuring Future & Lil Uzi Vert,Too Much Sauce,18,2016-11-19
DJ Khaled Featuring Drake,For Free,19,2016-11-19
Lil Uzi Vert,You Was Right,20,2016-11-19
Meek Mill Featuring Lil Uzi Vert & Nicki Minaj,Froze,21,2016-11-19
Meek Mill Featuring Young Thug & 21 Savage,Offended,22,2016-11-19
21 Savage & Metro Boomin,No Heart,23,2016-11-19
Drake,"Two Birds, One Stone",24,2016-11-19
Meek Mill,On The Regular,25,2016-11-19
Rae Sremmurd Featuring Gucci Mane,Black Beatles,1,2016-11-26
Zay Hilfigerrr & Zayion McCall,Juju On That Beat (TZ Anthem),2,2016-11-26
D.R.A.M. Featuring Lil Yachty,Broccoli,3,2016-11-26
Future Featuring Drake,Used To This,4,2016-11-26
Drake,Fake Love,5,2016-11-26
Amine,Caroline,6,2016-11-26
Young M.A,OOOUUU,7,2016-11-26
Rob $tone Featuring J. Davi$ & Spooks,Chill Bill,8,2016-11-26
"Lil Wayne, Wiz Khalifa & Imagine Dragons With Logic & Ty Dolla $ign Feat. X Ambassadors",Sucker For Pain,9,2016-11-26
Desiigner,Tiimmy Turner,10,2016-11-26
21 Savage & Metro Boomin Featuring Future,X,11,2016-11-26
"DJ Khaled Featuring Nicki Minaj, Chris Brown & August Alsina",Do You Mind,12,2016-11-26
Drake Featuring 21 Savage,Sneakin',13,2016-11-26
Chance The Rapper Featuring Lil Wayne & 2 Chainz,No Problem,14,2016-11-26
Lil Yachty,1 Night,15,2016-11-26
Young Thug And Travis Scott Featuring Quavo,Pick Up The Phone,16,2016-11-26
21 Savage & Metro Boomin,No Heart,17,2016-11-26
Lil Uzi Vert,You Was Right,18,2016-11-26
Big Sean,Bounce Back,19,2016-11-26
Lil Uzi Vert,Money Longer,20,2016-11-26
DJ ESCO Featuring Future & Lil Uzi Vert,Too Much Sauce,21,2016-11-26
Rae Sremmurd,Bad Things,22,2016-11-26
YFN Lucci Featuring Migos & Trouble,Look Alive,23,2016-11-26
Meek Mill Featuring Tory Lanez,Key To The Streets,24,2016-11-26
Rae Sremmurd Featuring Gucci Mane,Black Beatles,1,2016-12-03
Zay Hilfigerrr & Zayion McCall,Juju On That Beat (TZ Anthem),2,2016-12-03
D.R.A.M. Featuring Lil Yachty,Broccoli,3,2016-12-03
Amine,Caroline,4,2016-12-03
Drake,Fake Love,5,2016-12-03
Young M.A,OOOUUU,6,2016-12-03
Rob $tone Featuring J. Davi$ & Spooks,Chill Bill,7,2016-12-03
Future Featuring Drake,Used To This,8,2016-12-03
"DJ Khaled Featuring Nicki Minaj, Chris Brown & August Alsina",Do You Mind,9,2016-12-03
21 Savage & Metro Boomin Featuring Future,X,10,2016-12-03
"Lil Wayne, Wiz Khalifa & Imagine Dragons With Logic & Ty Dolla $ign Feat. X Ambassadors",Sucker For Pain,11,2016-12-03
Desiigner,Tiimmy Turner,12,2016-12-03
Drake Featuring 21 Savage,Sneakin',13,2016-12-03
Young Thug And Travis Scott Featuring Quavo,Pick Up The Phone,14,2016-12-03
Lil Yachty,Bad Things,15,2016-12-03
Lil Uzi Vert,1 Night,16,2016-12-03
Big Sean,You Was Right,17,2016-12-03
DJ ESCO Featuring Future & Lil Uzi Vert,Bounce Back,18,2016-12-03
21 Savage & Metro Boomin,Too Much Sauce,19,2016-12-03
Rae Sremmurd,No Heart,20,2016-12-03
Migos Featuring Lil Uzi Vert,Look Alive,21,2016-12-03
A Tribe Called Quest,Bad And Boujee,22,2016-12-03
YFN Lucci Featuring Migos & Trouble,We The People....,23,2016-12-03
Russ,Key To The Streets,24,2016-12-03
Rae Sremmurd Featuring Gucci Mane,Black Beatles,1,2016-12-10
Zay Hilfigerrr & Zayion McCall,Juju On That Beat (TZ Anthem),2,2016-12-10
D.R.A.M. Featuring Lil Yachty,Broccoli,3,2016-12-10
Drake,Fake Love,4,2016-12-10
Amine,Caroline,5,2016-12-10
Young M.A,OOOUUU,6,2016-12-10
"DJ Khaled Featuring Nicki Minaj, Chris Brown & August Alsina",Do You Mind,7,2016-12-10
Rob $tone Featuring J. Davi$ & Spooks,Bad Things,8,2016-12-10
21 Savage & Metro Boomin Featuring Future,Chill Bill,9,2016-12-10
Future Featuring Drake,X,10,2016-12-10
"Lil Wayne, Wiz Khalifa & Imagine Dragons With Logic & Ty Dolla $ign Feat. X Ambassadors",Used To This,11,2016-12-10
Desiigner,Sucker For Pain,12,2016-12-10
Young Thug And Travis Scott Featuring Quavo,Tiimmy Turner,13,2016-12-10
Drake Featuring 21 Savage,Pick Up The Phone,14,2016-12-10
Big Sean,Sneakin',15,2016-12-10
Lil Uzi Vert,Bounce Back,16,2016-12-10
Migos Featuring Lil Uzi Vert,You Was Right,17,2016-12-10
21 Savage & Metro Boomin,Bad And Boujee,18,2016-12-10
DJ ESCO Featuring Future & Lil Uzi Vert,No Heart,19,2016-12-10
PnB Rock,Too Much Sauce,20,2016-12-10
Russ,Selfish,21,2016-12-10
YFN Lucci Featuring Migos & Trouble,What They Want,22,2016-12-10
Meek Mill Featuring Tory Lanez,Key To The Streets,23,2016-12-10
A Boogie Wit da Hoodie,Litty,24,2016-12-10
Rae Sremmurd Featuring Gucci Mane,Black Beatles,1,2016-12-17
Zay Hilfigerrr & Zayion McCall,Juju On That Beat (TZ Anthem),2,2016-12-17
D.R.A.M. Featuring Lil Yachty,Broccoli,3,2016-12-17
Drake,Fake Love,4,2016-12-17
Amine,Caroline,5,2016-12-17
Young M.A,Bad Things,6,2016-12-17
Rob $tone Featuring J. Davi$ & Spooks,OOOUUU,7,2016-12-17
"DJ Khaled Featuring Nicki Minaj, Chris Brown & August Alsina",Chill Bill,8,2016-12-17
21 Savage & Metro Boomin Featuring Future,Do You Mind,9,2016-12-17
Migos Featuring Lil Uzi Vert,X,10,2016-12-17
Big Sean,Bad And Boujee,11,2016-12-17
Future Featuring Drake,Bounce Back,12,2016-12-17
Lil Uzi Vert,Used To This,13,2016-12-17
"Lil Wayne, Wiz Khalifa & Imagine Dragons With Logic & Ty Dolla $ign Feat. X Ambassadors",You Was Right,14,2016-12-17
Desiigner,Sucker For Pain,15,2016-12-17
Drake Featuring 21 Savage,Tiimmy Turner,16,2016-12-17
21 Savage & Metro Boomin,Sneakin',17,2016-12-17
DJ ESCO Featuring Future & Lil Uzi Vert,No Heart,18,2016-12-17
PnB Rock,Too Much Sauce,19,2016-12-17
Russ,Selfish,20,2016-12-17
A Boogie Wit da Hoodie,What They Want,21,2016-12-17
YFN Lucci Featuring Migos & Trouble,My Sh*t,22,2016-12-17
Pitbull Featuring Flo Rida & LunchMoney Lewis,Key To The Streets,23,2016-12-17
Meek Mill Featuring Tory Lanez,Greenlight,24,2016-12-17
Rae Sremmurd Featuring Gucci Mane,Black Beatles,1,2016-12-24
Zay Hilfigerrr & Zayion McCall,Juju On That Beat (TZ Anthem),2,2016-12-24
Drake,Bad Things,3,2016-12-24
D.R.A.M. Featuring Lil Yachty,Fake Love,4,2016-12-24
Amine,Broccoli,5,2016-12-24
Migos Featuring Lil Uzi Vert,Caroline,6,2016-12-24
Young M.A,Bad And Boujee,7,2016-12-24
Rob $tone Featuring J. Davi$ & Spooks,OOOUUU,8,2016-12-24
Big Sean,Chill Bill,9,2016-12-24
21 Savage & Metro Boomin Featuring Future,Bounce Back,10,2016-12-24
"DJ Khaled Featuring Nicki Minaj, Chris Brown & August Alsina",X,11,2016-12-24
Lil Uzi Vert,Do You Mind,12,2016-12-24
Future Featuring Drake,You Was Right,13,2016-12-24
21 Savage & Metro Boomin,Used To This,14,2016-12-24
Desiigner,No Heart,15,2016-12-24
"Lil Wayne, Wiz Khalifa & Imagine Dragons With Logic & Ty Dolla $ign Feat. X Ambassadors",Tiimmy Turner,16,2016-12-24
Drake Featuring 21 Savage,Sucker For Pain,17,2016-12-24
DJ ESCO Featuring Future & Lil Uzi Vert,Sneakin',18,2016-12-24
gnash Featuring Johnny Yukon,Too Much Sauce,19,2016-12-24
PnB Rock,Black Barbies,20,2016-12-24
A Boogie Wit da Hoodie,Home,21,2016-12-24
J. Cole,Selfish,22,2016-12-24
Russ,My Sh*t,23,2016-12-24
